"id","price_users","price_bsins","price_ccode","price_dpart","price_items","price_cname","price_lprat","price_dprat","price_tprat","price_mrrat","price_dspct","price_gdstk","price_bdstk","price_mnqty","price_mxqty","price_pbqty","price_sbqty","price_notes","price_jnote","price_actve","price_crusr","price_crdat","price_upusr","price_updat","price_rvnmr"
"da362d68-3652-4075-84b0-25e4fab054de","7d0a6d8b-efae-48a0-a595-15706cf41d2f","4dee378c-acc5-49eb-ab9e-a4e85e1e1903","IPR0000000045","7d0a6d8b-efae-48a1-a595-15706cf41d2f","e569b291-a005-4697-b375-a09011dfc1c4","Chinigura Rice - 1KG Pack","195.925000","0.000000","0.000000","230.000000","0.000000","0.000000","0.000000","0.000000","0.000000","0.000000","0.000000","","",True,"6a45d609-f616-4cf8-97a9-8577ff39f753","2026-08-29 15:15:49.463987","6a45d609-f616-4cf8-97a9-8577ff39f753","2026-08-29 17:54:44.92036",10
"981b8825-e84f-4c4a-8319-05514a0ae174","7d0a6d8b-efae-48a0-a595-15706cf41d2f","4dee378c-acc5-49eb-ab9e-a4e85e1e1903","IPR0000000023","7d0a6d8b-efae-48a1-a595-15706cf41d2f","31e4435e-f13d-4146-a59f-f62cae48fbbb","Soyabean Oil - Teer, PRAN","950.000000","0.000000","0.000000","975.000000","0.000000","0.000000","0.000000","0.000000","0.000000","0.000000","0.000000","","",True,"6a45d609-f616-4cf8-97a9-8577ff39f753","2026-08-01 07:35:25.275599","6a45d609-f616-4cf8-97a9-8577ff39f753","2026-08-12 05:39:52.497564",5
"f813dad6-9556-46e4-b403-8d6eab011358","7d0a6d8b-efae-48a0-a595-15706cf41d2f","4dee378c-acc5-49eb-ab9e-a4e85e1e1903","IPR0000000035","7d0a6d8b-efae-48a1-a595-15706cf41d2f","140c585d-cc51-4ceb-8b07-2f98196f683f","Potato (white holland)","0.000000","0.000000","0.000000","25.000000","0.000000","0.000000","0.000000","0.000000","0.000000","0.000000","0.000000","","",True,"6a45d609-f616-4cf8-97a9-8577ff39f753","2026-08-20 06:03:11.394458","6a45d609-f616-4cf8-97a9-8577ff39f753","2026-08-20 06:03:11.394458",1
"aa20e04f-33b9-4966-abab-0cef51467c2b","7d0a6d8b-efae-48a0-a595-15706cf41d2f","4dee378c-acc5-49eb-ab9e-a4e85e1e1903","IPR0000000034","7d0a6d8b-efae-48a1-a595-15706cf41d2f","140c585d-cc51-4ceb-8b07-2f98196f683f","Potato (sweet white)","0.000000","0.000000","0.000000","50.000000","0.000000","0.000000","0.000000","0.000000","0.000000","0.000000","0.000000","","",True,"6a45d609-f616-4cf8-97a9-8577ff39f753","2026-08-20 06:02:19.307716","6a45d609-f616-4cf8-97a9-8577ff39f753","2026-08-20 06:03:44.418359",2
"5fcbe026-acc9-4816-8872-c76b7e7f836d","7d0a6d8b-efae-48a0-a595-15706cf41d2f","4dee378c-acc5-49eb-ab9e-a4e85e1e1903","IPR0000000031","7d0a6d8b-efae-48a1-a595-15706cf41d2f","140c585d-cc51-4ceb-8b07-2f98196f683f","Potato (red pakri)","15.000000","0.000000","0.000000","25.000000","0.000000","0.000000","0.000000","0.000000","0.000000","0.000000","0.000000","","",True,"6a45d609-f616-4cf8-97a9-8577ff39f753","2026-08-20 06:00:14.058896","6a45d609-f616-4cf8-97a9-8577ff39f753","2026-08-22 09:30:04.429531",3
"15745ffe-bdd7-4835-ae0a-776426ba70ad","7d0a6d8b-efae-48a0-a595-15706cf41d2f","4dee378c-acc5-49eb-ab9e-a4e85e1e1903","IPR0000000037","7d0a6d8b-efae-48a1-a595-15706cf41d2f","f970ff06-865b-4b93-96c9-e47dc7e1120d","Garlic (Mix size)","0.000000","0.000000","0.000000","0.000000","0.000000","0.000000","0.000000","0.000000","0.000000","0.000000","0.000000","","",True,"6a45d609-f616-4cf8-97a9-8577ff39f753","2026-08-23 10:35:20.366147","6a45d609-f616-4cf8-97a9-8577ff39f753","2026-08-23 10:35:20.366147",1
"1eb4add2-7de4-4f54-82a5-7212a5721343","7d0a6d8b-efae-48a0-a595-15706cf41d2f","4dee378c-acc5-49eb-ab9e-a4e85e1e1903","IPR0000000025","7d0a6d8b-efae-48a1-a595-15706cf41d2f","27a450c5-f203-4efc-9366-b5cff98c9aac","Adapter 12V 1.5A","0.000000","0.000000","0.000000","490.000000","0.000000","0.000000","0.000000","0.000000","0.000000","0.000000","0.000000","","",True,"6a45d609-f616-4cf8-97a9-8577ff39f753","2026-08-09 03:03:31.751656","6a45d609-f616-4cf8-97a9-8577ff39f753","2026-08-09 03:03:31.751656",1
"97098235-bfb6-43f4-8338-935bebd377ca","7d0a6d8b-efae-48a0-a595-15706cf41d2f","4dee378c-acc5-49eb-ab9e-a4e85e1e1903","IPR0000000028","7d0a6d8b-efae-48a1-a595-15706cf41d2f","cd136484-adfd-42cf-a3d3-aa2f85e14c60","Sunsilk Black (Mini Pack)","2.800000","0.000000","0.000000","0.000000","0.000000","0.000000","0.000000","0.000000","0.000000","0.000000","0.000000","","",True,"6a45d609-f616-4cf8-97a9-8577ff39f753","2026-08-10 10:41:43.665136","6a45d609-f616-4cf8-97a9-8577ff39f753","2026-08-12 12:15:16.714649",2
"7e068a03-952c-4348-aa7d-d1dc49d95558","7d0a6d8b-efae-48a0-a595-15706cf41d2f","4dee378c-acc5-49eb-ab9e-a4e85e1e1903","IPR0000000022","7d0a6d8b-efae-48a1-a595-15706cf41d2f","bbc4f381-e51b-417e-9704-20753e562b88","Soap - Meril White Milk (Large Size)","75.000000","0.000000","0.000000","0.000000","0.000000","0.000000","0.000000","0.000000","0.000000","0.000000","0.000000","","",True,"6a45d609-f616-4cf8-97a9-8577ff39f753","2026-08-01 07:35:18.762816","6a45d609-f616-4cf8-97a9-8577ff39f753","2026-08-12 12:15:16.714649",3
"291ee82d-e8cc-40a9-8e35-0cfc5335d611","7d0a6d8b-efae-48a0-a595-15706cf41d2f","4dee378c-acc5-49eb-ab9e-a4e85e1e1903","IPR0000000009","7d0a6d8b-efae-48a1-a595-15706cf41d2f","d2095bbd-cb4b-47af-b3d9-7388689f9082","Egg (Red)","12.000000","0.000000","0.000000","13.000000","0.000000","0.000000","0.000000","0.000000","0.000000","0.000000","0.000000","","",True,"6a45d609-f616-4cf8-97a9-8577ff39f753","2026-08-01 07:27:17.425601","6a45d609-f616-4cf8-97a9-8577ff39f753","2026-08-15 01:50:29.226217",8
"57ba34fc-02a1-4a48-baa8-4eb8810ac45a","7d0a6d8b-efae-48a0-a595-15706cf41d2f","4dee378c-acc5-49eb-ab9e-a4e85e1e1903","IPR0000000005","7d0a6d8b-efae-48a1-a595-15706cf41d2f","05b08820-f65a-4167-a46b-c91a3f460788","Core i7 14th Gen","26700.000000","0.000000","0.000000","29500.000000","0.000000","0.000000","0.000000","1.000000","10.000000","0.000000","0.000000","","",True,"6a45d609-f616-4cf8-97a9-8577ff39f753","2026-07-27 17:19:50.546976","6a45d609-f616-4cf8-97a9-8577ff39f753","2026-07-27 18:19:30.080763",3
"da2f37b5-9e53-449b-8bc0-21bf635f00a7","7d0a6d8b-efae-48a0-a595-15706cf41d2f","4dee378c-acc5-49eb-ab9e-a4e85e1e1903","IPR0000000006","7d0a6d8b-efae-48a1-a595-15706cf41d2f","d0197f39-a96e-469e-b527-015d247f09e5","Motherboard Intel SoC","16400.000000","0.000000","0.000000","18900.000000","0.000000","0.000000","0.000000","0.000000","0.000000","0.000000","0.000000","","",True,"6a45d609-f616-4cf8-97a9-8577ff39f753","2026-07-27 18:18:06.153162","6a45d609-f616-4cf8-97a9-8577ff39f753","2026-07-27 18:19:44.636674",2
"a2bf2420-6863-4609-a919-fd9b9fa8b827","7d0a6d8b-efae-48a0-a595-15706cf41d2f","4dee378c-acc5-49eb-ab9e-a4e85e1e1903","IPR0000000032","7d0a6d8b-efae-48a1-a595-15706cf41d2f","140c585d-cc51-4ceb-8b07-2f98196f683f","Potato (red sheel)","35.000000","0.000000","0.000000","55.000000","0.000000","0.000000","0.000000","0.000000","0.000000","0.000000","0.000000","","",True,"6a45d609-f616-4cf8-97a9-8577ff39f753","2026-08-20 06:00:25.583448","6a45d609-f616-4cf8-97a9-8577ff39f753","2026-08-24 14:36:39.965383",4
"a6d478d7-49b6-4afc-a0fb-49a4863d1b7c","7d0a6d8b-efae-48a0-a595-15706cf41d2f","4dee378c-acc5-49eb-ab9e-a4e85e1e1903","IPR0000000007","7d0a6d8b-efae-48a1-a595-15706cf41d2f","9874ee21-b4ce-40c6-ac69-4eeb775ff6b3","Monitor 22 Inch","14500.000000","0.000000","0.000000","0.000000","0.000000","0.000000","0.000000","0.000000","0.000000","0.000000","0.000000","","",True,"6a45d609-f616-4cf8-97a9-8577ff39f753","2026-07-28 16:38:51.020898","6a45d609-f616-4cf8-97a9-8577ff39f753","2026-07-28 16:38:51.020898",1
"c47824fb-e2f6-4d8e-baf3-a9a565d38bbb","7d0a6d8b-efae-48a0-a595-15706cf41d2f","4dee378c-acc5-49eb-ab9e-a4e85e1e1903","IPR0000000027","7d0a6d8b-efae-48a1-a595-15706cf41d2f","e1d0ca99-2457-42f0-9850-4e7a19b4d4ad","UPS 1500VA/900W","0.000000","0.000000","0.000000","4850.000000","0.000000","0.000000","0.000000","0.000000","0.000000","0.000000","0.000000","","",True,"6a45d609-f616-4cf8-97a9-8577ff39f753","2026-08-09 06:40:55.024609","6a45d609-f616-4cf8-97a9-8577ff39f753","2026-08-09 06:40:55.024609",1
"2a5a0251-6dd2-41d9-88d6-19174f9f153c","7d0a6d8b-efae-48a0-a595-15706cf41d2f","4dee378c-acc5-49eb-ab9e-a4e85e1e1903","IPR0000000023","7d0a6d8b-efae-48a1-a595-15706cf41d2f","9afdcbe5-d306-494a-954d-4211de77b0a9","Soap - COSCO Honey","85.000000","0.000000","0.000000","0.000000","0.000000","0.000000","0.000000","0.000000","0.000000","0.000000","0.000000","","",True,"6a45d609-f616-4cf8-97a9-8577ff39f753","2026-08-01 07:33:16.617815","6a45d609-f616-4cf8-97a9-8577ff39f753","2026-08-10 09:46:33.324818",2
"d51170bd-79ab-453a-a536-66d675787734","7d0a6d8b-efae-48a0-a595-15706cf41d2f","4dee378c-acc5-49eb-ab9e-a4e85e1e1903","IPR0000000014","7d0a6d8b-efae-48a1-a595-15706cf41d2f","232b1e8c-0321-438a-9f17-ce3c10caa933","Dishwash Bar (Small Size)","12.000000","0.000000","0.000000","15.000000","0.000000","0.000000","0.000000","0.000000","0.000000","0.000000","0.000000","","",True,"6a45d609-f616-4cf8-97a9-8577ff39f753","2026-08-01 07:30:41.829695","6a45d609-f616-4cf8-97a9-8577ff39f753","2026-08-12 12:06:40.446189",12
"71f5996a-40d3-47bb-8929-eef423007acc","7d0a6d8b-efae-48a0-a595-15706cf41d2f","4dee378c-acc5-49eb-ab9e-a4e85e1e1903","IPR0000000011","7d0a6d8b-efae-48a1-a595-15706cf41d2f","43fc6713-87cb-4bc0-a086-d4d388e0489f","Atta - Teer","95.000000","0.000000","0.000000","120.000000","0.000000","0.000000","0.000000","0.000000","0.000000","0.000000","0.000000","","",True,"6a45d609-f616-4cf8-97a9-8577ff39f753","2026-08-01 07:27:32.551095","6a45d609-f616-4cf8-97a9-8577ff39f753","2026-08-30 01:41:06.281945",45
"920ccc18-fbe4-4c5c-b960-058767a09dd4","7d0a6d8b-efae-48a0-a595-15706cf41d2f","4dee378c-acc5-49eb-ab9e-a4e85e1e1903","IPR0000000039","7d0a6d8b-efae-48a1-a595-15706cf41d2f","739d6f53-f44b-4afa-8f24-6603f4d7e34e","Onion (Standard)","35.000000","0.000000","0.000000","50.000000","0.000000","120.000000","0.000000","0.000000","0.000000","0.000000","0.000000","","",True,"6a45d609-f616-4cf8-97a9-8577ff39f753","2026-08-23 10:35:41.366634","6a45d609-f616-4cf8-97a9-8577ff39f753","2026-08-30 02:25:34.974159",4
"1f9742ae-217c-4c1d-b50b-dd98acc2dbff","7d0a6d8b-efae-48a0-a595-15706cf41d2f","4dee378c-acc5-49eb-ab9e-a4e85e1e1903","IPR0000000015","7d0a6d8b-efae-48a1-a595-15706cf41d2f","d73666c4-720b-41ef-9163-f1cd582b0b4c","Mr. Noodles","250.000000","0.000000","0.000000","300.000000","10.000000","0.000000","0.000000","0.000000","0.000000","0.000000","0.000000","","",True,"6a45d609-f616-4cf8-97a9-8577ff39f753","2026-08-01 07:30:51.842907","6a45d609-f616-4cf8-97a9-8577ff39f753","2026-08-15 12:22:17.820782",5
"51e265a7-8751-40f1-9fa7-269626879fc1","7d0a6d8b-efae-48a0-a595-15706cf41d2f","4dee378c-acc5-49eb-ab9e-a4e85e1e1903","IPR0000000020","7d0a6d8b-efae-48a1-a595-15706cf41d2f","860dbc6b-17be-45e5-9823-b64606177b4d","Tissue Napkin (Bashundhara/Fresh)","60.000000","0.000000","0.000000","75.000000","0.000000","0.000000","0.000000","0.000000","0.000000","0.000000","0.000000","","",True,"6a45d609-f616-4cf8-97a9-8577ff39f753","2026-08-01 07:32:27.589224","6a45d609-f616-4cf8-97a9-8577ff39f753","2026-08-12 12:15:16.714649",6
"4d5740a2-3f8d-4cc4-8b92-4504af8d785b","7d0a6d8b-efae-48a0-a595-15706cf41d2f","4dee378c-acc5-49eb-ab9e-a4e85e1e1903","IPR0000000036","7d0a6d8b-efae-48a1-a595-15706cf41d2f","b4fe3513-a378-45f6-92d1-cdb530fa778b","Katari Vog","100.000000","0.000000","0.000000","95.000000","0.000000","0.000000","0.000000","0.000000","0.000000","0.000000","0.000000","","",True,"6a45d609-f616-4cf8-97a9-8577ff39f753","2026-08-20 08:01:22.357504","6a45d609-f616-4cf8-97a9-8577ff39f753","2026-08-22 09:31:22.252445",5
"ce33cad4-258a-4884-b67b-9cd2e7a1af1e","7d0a6d8b-efae-48a0-a595-15706cf41d2f","4dee378c-acc5-49eb-ab9e-a4e85e1e1903","IPR0000000012","7d0a6d8b-efae-48a1-a595-15706cf41d2f","4390f973-d49c-47fd-8571-032ef672254f","Ball Soap - Chaka Washing Ball Soap","20.000000","0.000000","0.000000","25.000000","0.000000","0.000000","0.000000","0.000000","0.000000","0.000000","0.000000","","",True,"6a45d609-f616-4cf8-97a9-8577ff39f753","2026-08-01 07:30:30.092746","6a45d609-f616-4cf8-97a9-8577ff39f753","2026-08-13 15:49:36.650305",11
"beb4e9ab-c15f-4ba9-8ed9-7a7ed50f6882","7d0a6d8b-efae-48a0-a595-15706cf41d2f","4dee378c-acc5-49eb-ab9e-a4e85e1e1903","IPR0000000013","7d0a6d8b-efae-48a1-a595-15706cf41d2f","ffe3aaa7-7aa9-468e-a57c-5838b5319acd","Detergent Powder - Chaka","165.000000","0.000000","0.000000","180.000000","0.000000","0.000000","0.000000","0.000000","0.000000","0.000000","0.000000","","",True,"6a45d609-f616-4cf8-97a9-8577ff39f753","2026-08-01 07:30:36.342254","6a45d609-f616-4cf8-97a9-8577ff39f753","2026-08-13 15:48:10.41244",11
"943caf6e-21e2-4e01-8b6a-31ee1428b7a3","7d0a6d8b-efae-48a0-a595-15706cf41d2f","4dee378c-acc5-49eb-ab9e-a4e85e1e1903","IPR0000000026","7d0a6d8b-efae-48a1-a595-15706cf41d2f","39c33a3d-cb88-4d74-9bf0-de3d0d8d5e31","Salt","35.000000","0.000000","0.000000","40.000000","0.000000","0.000000","0.000000","0.000000","0.000000","0.000000","0.000000","","",True,"6a45d609-f616-4cf8-97a9-8577ff39f753","2026-08-09 06:40:37.590399","6a45d609-f616-4cf8-97a9-8577ff39f753","2026-08-11 15:36:43.413467",2
"ab6b1cce-b735-47e6-ba8e-84e3c625e070","7d0a6d8b-efae-48a0-a595-15706cf41d2f","4dee378c-acc5-49eb-ab9e-a4e85e1e1903","IPR0000000044","7d0a6d8b-efae-48a1-a595-15706cf41d2f","b9d717c2-8174-4a69-9721-69904f4eb935","Electricity & Utilities","0.000000","0.000000","0.000000","0.000000","0.000000","0.000000","0.000000","0.000000","0.000000","0.000000","0.000000","","",True,"6a45d609-f616-4cf8-97a9-8577ff39f753","2026-08-26 10:10:37.175182","6a45d609-f616-4cf8-97a9-8577ff39f753","2026-08-26 10:10:37.175182",1
"d414695b-b6d6-433e-b2fa-21719c7e424d","7d0a6d8b-efae-48a0-a595-15706cf41d2f","4dee378c-acc5-49eb-ab9e-a4e85e1e1903","IPR0000000045","7d0a6d8b-efae-48a1-a595-15706cf41d2f","8db9f5cb-4807-4479-9815-97aa6ba08277","Factory Consumables","0.000000","0.000000","0.000000","0.000000","0.000000","0.000000","0.000000","0.000000","0.000000","0.000000","0.000000","","",True,"6a45d609-f616-4cf8-97a9-8577ff39f753","2026-08-26 10:10:50.935465","6a45d609-f616-4cf8-97a9-8577ff39f753","2026-08-26 10:10:50.935465",1
"bee1fc68-a396-41d7-a9e2-4c985f93197c","7d0a6d8b-efae-48a0-a595-15706cf41d2f","4dee378c-acc5-49eb-ab9e-a4e85e1e1903","IPR0000000041","7d0a6d8b-efae-48a1-a595-15706cf41d2f","3049d0f5-032f-428c-a715-08d56aa24534","t-Shirt (Mens)","420.000000","0.000000","0.000000","450.000000","0.000000","0.000000","0.000000","0.000000","0.000000","0.000000","0.000000","","",True,"6a45d609-f616-4cf8-97a9-8577ff39f753","2026-08-25 17:21:55.330268","6a45d609-f616-4cf8-97a9-8577ff39f753","2026-08-25 17:28:02.904685",2
"1cbeb4d0-1b4d-44a4-b610-cf2edcb9bd8f","7d0a6d8b-efae-48a0-a595-15706cf41d2f","4dee378c-acc5-49eb-ab9e-a4e85e1e1903","IPR0000000046","7d0a6d8b-efae-48a1-a595-15706cf41d2f","82785389-a70e-49cd-b53b-a259f97ff26f","Machine Depreciation","0.000000","0.000000","0.000000","0.000000","0.000000","0.000000","0.000000","0.000000","0.000000","0.000000","0.000000","","",True,"6a45d609-f616-4cf8-97a9-8577ff39f753","2026-08-26 10:11:02.588322","6a45d609-f616-4cf8-97a9-8577ff39f753","2026-08-26 10:11:02.588322",1
"e5e70cf3-3efe-434c-bd0d-8a2c009a2646","7d0a6d8b-efae-48a0-a595-15706cf41d2f","4dee378c-acc5-49eb-ab9e-a4e85e1e1903","IPR0000000047","7d0a6d8b-efae-48a1-a595-15706cf41d2f","244ae96c-6b27-4a74-a284-415fb51d3da6","Maintenance & Repairs","0.000000","0.000000","0.000000","0.000000","0.000000","0.000000","0.000000","0.000000","0.000000","0.000000","0.000000","","",True,"6a45d609-f616-4cf8-97a9-8577ff39f753","2026-08-26 10:11:13.113435","6a45d609-f616-4cf8-97a9-8577ff39f753","2026-08-26 10:11:13.113435",1
"829d575f-1700-4225-af5d-2ba2e0fafc05","7d0a6d8b-efae-48a0-a595-15706cf41d2f","4dee378c-acc5-49eb-ab9e-a4e85e1e1903","IPR0000000042","7d0a6d8b-efae-48a1-a595-15706cf41d2f","b65ca019-7073-4386-ae3b-58dc7abc472d","Musoori Dal (Deshi) - 1KG Pack","126.040000","0.000000","0.000000","130.000000","0.000000","0.000000","0.000000","0.000000","0.000000","0.000000","0.000000","","",True,"6a45d609-f616-4cf8-97a9-8577ff39f753","2026-08-26 04:31:54.867989","6a45d609-f616-4cf8-97a9-8577ff39f753","2026-08-28 17:25:25.376594",11
"97bd0d51-7c4e-4c17-9495-26d9ce556ce0","7d0a6d8b-efae-48a0-a595-15706cf41d2f","4dee378c-acc5-49eb-ab9e-a4e85e1e1903","IPR0000000048","7d0a6d8b-efae-48a1-a595-15706cf41d2f","e652d8ac-82ee-482b-9825-88feab8bd0a6","Work In Progress","0.000000","0.000000","0.000000","0.000000","0.000000","0.000000","0.000000","0.000000","0.000000","0.000000","0.000000","","",True,"6a45d609-f616-4cf8-97a9-8577ff39f753","2026-08-27 01:38:57.684051","6a45d609-f616-4cf8-97a9-8577ff39f753","2026-08-27 01:38:57.684051",1
"f81f2f3a-aa5b-4a65-85b0-ef07d7ef0d21","7d0a6d8b-efae-48a0-a595-15706cf41d2f","4dee378c-acc5-49eb-ab9e-a4e85e1e1903","IPR0000000043","7d0a6d8b-efae-48a1-a595-15706cf41d2f","e14710c6-4722-4f92-ac25-e9d7f2c29ad0","1 KG Pack - Brand Print","2.500000","0.000000","0.000000","0.000000","0.000000","0.000000","0.000000","0.000000","0.000000","0.000000","0.000000","","",True,"6a45d609-f616-4cf8-97a9-8577ff39f753","2026-08-26 09:34:27.232415","6a45d609-f616-4cf8-97a9-8577ff39f753","2026-08-29 17:51:08.369308",18
"89c663cf-b2c1-4f4b-b561-8eeae50a51ac","7d0a6d8b-efae-48a0-a595-15706cf41d2f","4dee378c-acc5-49eb-ab9e-a4e85e1e1903","IPR0000000038","7d0a6d8b-efae-48a1-a595-15706cf41d2f","f970ff06-865b-4b93-96c9-e47dc7e1120d","Garlic (Standard)","95.000000","0.000000","0.000000","120.000000","0.000000","0.000000","0.000000","0.000000","0.000000","0.000000","0.000000","","",True,"6a45d609-f616-4cf8-97a9-8577ff39f753","2026-08-23 10:35:27.413405","6a45d609-f616-4cf8-97a9-8577ff39f753","2026-08-29 17:54:44.92036",5
"5c6326c1-cec1-4e98-977d-742023426b00","7d0a6d8b-efae-48a0-a595-15706cf41d2f","4dee378c-acc5-49eb-ab9e-a4e85e1e1903","IPR0000000018","7d0a6d8b-efae-48a1-a595-15706cf41d2f","b65ca019-7073-4386-ae3b-58dc7abc472d","Musoori Dal (Deshi)","105.000000","0.000000","0.000000","125.000000","0.000000","0.000000","0.000000","0.000000","0.000000","0.000000","0.000000","","",True,"6a45d609-f616-4cf8-97a9-8577ff39f753","2026-08-01 07:31:40.563081","6a45d609-f616-4cf8-97a9-8577ff39f753","2026-08-29 18:00:05.640811",27
"95d4be8c-8a79-498a-bebb-336fd2ec31ac","7d0a6d8b-efae-48a0-a595-15706cf41d2f","4dee378c-acc5-49eb-ab9e-a4e85e1e1903","IPR0000000024","7d0a6d8b-efae-48a1-a595-15706cf41d2f","7f18b738-f7a4-46a5-a0df-40b15b0e7dce","Toothpaste (Mediplus) (Big Size)","0.000000","0.000000","0.000000","0.000000","0.000000","0.000000","0.000000","0.000000","0.000000","0.000000","0.000000","","",True,"6a45d609-f616-4cf8-97a9-8577ff39f753","2026-08-01 07:35:31.961627","6a45d609-f616-4cf8-97a9-8577ff39f753","2026-08-01 07:35:31.961627",1
"7fc2df97-dbff-44a1-bb61-1f76d02f4148","7d0a6d8b-efae-48a0-a595-15706cf41d2f","4dee378c-acc5-49eb-ab9e-a4e85e1e1903","IPR0000000022","7d0a6d8b-efae-48a1-a595-15706cf41d2f","9afdcbe5-d306-494a-954d-4211de77b0a9","Soap - COSCO Aleovera","85.000000","0.000000","0.000000","0.000000","0.000000","0.000000","0.000000","0.000000","0.000000","0.000000","0.000000","","",True,"6a45d609-f616-4cf8-97a9-8577ff39f753","2026-08-01 07:33:09.305383","6a45d609-f616-4cf8-97a9-8577ff39f753","2026-08-10 09:46:33.324818",2
"646c448d-3ec4-4e52-bc70-b14366f21372","7d0a6d8b-efae-48a0-a595-15706cf41d2f","4dee378c-acc5-49eb-ab9e-a4e85e1e1903","IPR0000000030","7d0a6d8b-efae-48a1-a595-15706cf41d2f","b65ca019-7073-4386-ae3b-58dc7abc472d","Musoori Dal (Imported)","0.000000","0.000000","0.000000","120.000000","0.000000","0.000000","0.000000","0.000000","0.000000","0.000000","0.000000","","",True,"6a45d609-f616-4cf8-97a9-8577ff39f753","2026-08-20 05:13:24.954933","6a45d609-f616-4cf8-97a9-8577ff39f753","2026-08-20 05:13:40.356533",2
"20db1c54-c793-4289-bcec-8ac7b574e006","7d0a6d8b-efae-48a0-a595-15706cf41d2f","4dee378c-acc5-49eb-ab9e-a4e85e1e1903","IPR0000000029","7d0a6d8b-efae-48a1-a595-15706cf41d2f","219ecaf2-c7f0-4cf7-8b11-0f99651f4075","Rice BR - 28 (New)","0.000000","0.000000","0.000000","80.000000","0.000000","0.000000","0.000000","0.000000","0.000000","0.000000","0.000000","","",True,"6a45d609-f616-4cf8-97a9-8577ff39f753","2026-08-16 10:43:00.75163","6a45d609-f616-4cf8-97a9-8577ff39f753","2026-08-16 10:43:00.75163",1
"88409f74-3274-49bd-aa05-9353d25e56be","7d0a6d8b-efae-48a0-a595-15706cf41d2f","4dee378c-acc5-49eb-ab9e-a4e85e1e1903","IPR0000000033","7d0a6d8b-efae-48a1-a595-15706cf41d2f","140c585d-cc51-4ceb-8b07-2f98196f683f","Potato (sweet red)","0.000000","0.000000","0.000000","50.000000","0.000000","0.000000","0.000000","0.000000","0.000000","0.000000","0.000000","","",True,"6a45d609-f616-4cf8-97a9-8577ff39f753","2026-08-20 06:02:03.947404","6a45d609-f616-4cf8-97a9-8577ff39f753","2026-08-20 06:04:01.53054",2
"f315c0b8-db5d-430d-bf2d-5f41cc6372b8","7d0a6d8b-efae-48a0-a595-15706cf41d2f","4dee378c-acc5-49eb-ab9e-a4e85e1e1903","IPR0000000008","7d0a6d8b-efae-48a1-a595-15706cf41d2f","a45006af-f563-4ce1-a107-23c4a52571ec","Mouse 1200 DPI Regular","0.000000","0.000000","0.000000","0.000000","0.000000","0.000000","0.000000","0.000000","0.000000","0.000000","0.000000","","",True,"6a45d609-f616-4cf8-97a9-8577ff39f753","2026-07-28 17:11:12.179","6a45d609-f616-4cf8-97a9-8577ff39f753","2026-07-28 17:11:12.179",1
"b1954652-5a1d-42ab-bcda-7ad8650fd60b","7d0a6d8b-efae-48a0-a595-15706cf41d2f","4dee378c-acc5-49eb-ab9e-a4e85e1e1903","IPR0000000019","7d0a6d8b-efae-48a1-a595-15706cf41d2f","9afdcbe5-d306-494a-954d-4211de77b0a9","Soap - COSCO Classic","75.000000","0.000000","0.000000","0.000000","0.000000","0.000000","0.000000","0.000000","0.000000","0.000000","0.000000","","",True,"6a45d609-f616-4cf8-97a9-8577ff39f753","2026-08-01 07:31:45.736245","6a45d609-f616-4cf8-97a9-8577ff39f753","2026-08-10 09:46:33.324818",2
"6360fc83-ff92-406a-bfee-4ea8b9268fd8","7d0a6d8b-efae-48a0-a595-15706cf41d2f","4dee378c-acc5-49eb-ab9e-a4e85e1e1903","IPR0000000017","7d0a6d8b-efae-48a1-a595-15706cf41d2f","219ecaf2-c7f0-4cf7-8b11-0f99651f4075","Rice BR - 28 (Old)","65.000000","0.000000","0.000000","75.000000","0.000000","0.000000","0.000000","0.000000","0.000000","0.000000","0.000000","","",True,"6a45d609-f616-4cf8-97a9-8577ff39f753","2026-08-01 07:31:03.720827","6a45d609-f616-4cf8-97a9-8577ff39f753","2026-08-16 10:51:31.966712",5
"5a7e591c-555e-42a8-a9c4-bcb21e31f20b","7d0a6d8b-efae-48a0-a595-15706cf41d2f","4dee378c-acc5-49eb-ab9e-a4e85e1e1903","IPR0000000040","7d0a6d8b-efae-48a1-a595-15706cf41d2f","e569b291-a005-4697-b375-a09011dfc1c4","Chinigura Rice","190.000000","0.000000","0.000000","220.000000","0.000000","0.000000","0.000000","0.000000","0.000000","0.000000","0.000000","","",True,"6a45d609-f616-4cf8-97a9-8577ff39f753","2026-08-23 17:49:59.076086","6a45d609-f616-4cf8-97a9-8577ff39f753","2026-08-30 01:26:16.339865",12
"e4dfbf46-3ea6-4220-aaae-ae8a07f28bb8","7d0a6d8b-efae-48a0-a595-15706cf41d2f","4dee378c-acc5-49eb-ab9e-a4e85e1e1903","IPR0000000016","7d0a6d8b-efae-48a1-a595-15706cf41d2f","104c5a32-58cd-4db0-bc2a-0fd807d7bd41","Nazirshail","65.000000","0.000000","0.000000","116.000000","0.000000","0.000000","0.000000","0.000000","0.000000","0.000000","0.000000","","",True,"6a45d609-f616-4cf8-97a9-8577ff39f753","2026-08-01 07:30:58.02772","6a45d609-f616-4cf8-97a9-8577ff39f753","2026-08-30 11:48:40.582142",27
